{
    "v2 nikon corporation nikon d5300 4496 3000 perspective 1.5833": {
        "projection_type": "perspective",
        "width": 4496,
        "height": 3000,
        "focal": 1.5833333333333333,
        "k1": 0.0,
        "k2": 0.0
    },
    "v2 nikon corporation nikon d5300 4496 3000 perspective 1.3333": {
        "projection_type": "perspective",
        "width": 4496,
        "height": 3000,
        "focal": 1.3333333333333333,
        "k1": 0.0,
        "k2": 0.0
    }
}